<?xml version="1.0"?>
<!DOCTYPE target SYSTEM "gdb-target.dtd">
<target version="1.0">
<architecture>riscv:rv32</architecture>
<feature name="org.gnu.gdb.riscv.cpu">
<reg name="zero" bitsize="32" regnum="0" save-restore="yes" type="int" group="general"/>
<reg name="ra" bitsize="32" regnum="1" save-restore="yes" type="code_ptr" group="general"/>
<reg name="sp" bitsize="32" regnum="2" save-restore="yes" type="data_ptr" group="general"/>
<reg name="gp" bitsize="32" regnum="3" save-restore="yes" type="data_ptr" group="general"/>
<reg name="tp" bitsize="32" regnum="4" save-restore="yes" type="data_ptr" group="general"/>
<reg name="t0" bitsize="32" regnum="5" save-restore="yes" type="int" group="general"/>
<reg name="t1" bitsize="32" regnum="6" save-restore="yes" type="int" group="general"/>
<reg name="t2" bitsize="32" regnum="7" save-restore="yes" type="int" group="general"/>
<reg name="fp" bitsize="32" regnum="8" save-restore="yes" type="data_ptr" group="general"/>
<reg name="s1" bitsize="32" regnum="9" save-restore="yes" type="int" group="general"/>
<reg name="a0" bitsize="32" regnum="10" save-restore="yes" type="int" group="general"/>
<reg name="a1" bitsize="32" regnum="11" save-restore="yes" type="int" group="general"/>
<reg name="a2" bitsize="32" regnum="12" save-restore="yes" type="int" group="general"/>
<reg name="a3" bitsize="32" regnum="13" save-restore="yes" type="int" group="general"/>
<reg name="a4" bitsize="32" regnum="14" save-restore="yes" type="int" group="general"/>
<reg name="a5" bitsize="32" regnum="15" save-restore="yes" type="int" group="general"/>
<reg name="a6" bitsize="32" regnum="16" save-restore="yes" type="int" group="general"/>
<reg name="a7" bitsize="32" regnum="17" save-restore="yes" type="int" group="general"/>
<reg name="s2" bitsize="32" regnum="18" save-restore="yes" type="int" group="general"/>
<reg name="s3" bitsize="32" regnum="19" save-restore="yes" type="int" group="general"/>
<reg name="s4" bitsize="32" regnum="20" save-restore="yes" type="int" group="general"/>
<reg name="s5" bitsize="32" regnum="21" save-restore="yes" type="int" group="general"/>
<reg name="s6" bitsize="32" regnum="22" save-restore="yes" type="int" group="general"/>
<reg name="s7" bitsize="32" regnum="23" save-restore="yes" type="int" group="general"/>
<reg name="s8" bitsize="32" regnum="24" save-restore="yes" type="int" group="general"/>
<reg name="s9" bitsize="32" regnum="25" save-restore="yes" type="int" group="general"/>
<reg name="s10" bitsize="32" regnum="26" save-restore="yes" type="int" group="general"/>
<reg name="s11" bitsize="32" regnum="27" save-restore="yes" type="int" group="general"/>
<reg name="t3" bitsize="32" regnum="28" save-restore="yes" type="int" group="general"/>
<reg name="t4" bitsize="32" regnum="29" save-restore="yes" type="int" group="general"/>
<reg name="t5" bitsize="32" regnum="30" save-restore="yes" type="int" group="general"/>
<reg name="t6" bitsize="32" regnum="31" save-restore="yes" type="int" group="general"/>
<reg name="pc" bitsize="32" regnum="32" save-restore="yes" type="code_ptr" group="general"/>
</feature>
<feature name="org.gnu.gdb.riscv.fpu">
<reg name="ft0" bitsize="32" regnum="33" save-restore="yes" type="ieee_single" group="float"/>
<reg name="ft1" bitsize="32" regnum="34" save-restore="yes" type="ieee_single" group="float"/>
<reg name="ft2" bitsize="32" regnum="35" save-restore="yes" type="ieee_single" group="float"/>
<reg name="ft3" bitsize="32" regnum="36" save-restore="yes" type="ieee_single" group="float"/>
<reg name="ft4" bitsize="32" regnum="37" save-restore="yes" type="ieee_single" group="float"/>
<reg name="ft5" bitsize="32" regnum="38" save-restore="yes" type="ieee_single" group="float"/>
<reg name="ft6" bitsize="32" regnum="39" save-restore="yes" type="ieee_single" group="float"/>
<reg name="ft7" bitsize="32" regnum="40" save-restore="yes" type="ieee_single" group="float"/>
<reg name="fs0" bitsize="32" regnum="41" save-restore="yes" type="ieee_single" group="float"/>
<reg name="fs1" bitsize="32" regnum="42" save-restore="yes" type="ieee_single" group="float"/>
<reg name="fa0" bitsize="32" regnum="43" save-restore="yes" type="ieee_single" group="float"/>
<reg name="fa1" bitsize="32" regnum="44" save-restore="yes" type="ieee_single" group="float"/>
<reg name="fa2" bitsize="32" regnum="45" save-restore="yes" type="ieee_single" group="float"/>
<reg name="fa3" bitsize="32" regnum="46" save-restore="yes" type="ieee_single" group="float"/>
<reg name="fa4" bitsize="32" regnum="47" save-restore="yes" type="ieee_single" group="float"/>
<reg name="fa5" bitsize="32" regnum="48" save-restore="yes" type="ieee_single" group="float"/>
<reg name="fa6" bitsize="32" regnum="49" save-restore="yes" type="ieee_single" group="float"/>
<reg name="fa7" bitsize="32" regnum="50" save-restore="yes" type="ieee_single" group="float"/>
<reg name="fs2" bitsize="32" regnum="51" save-restore="yes" type="ieee_single" group="float"/>
<reg name="fs3" bitsize="32" regnum="52" save-restore="yes" type="ieee_single" group="float"/>
<reg name="fs4" bitsize="32" regnum="53" save-restore="yes" type="ieee_single" group="float"/>
<reg name="fs5" bitsize="32" regnum="54" save-restore="yes" type="ieee_single" group="float"/>
<reg name="fs6" bitsize="32" regnum="55" save-restore="yes" type="ieee_single" group="float"/>
<reg name="fs7" bitsize="32" regnum="56" save-restore="yes" type="ieee_single" group="float"/>
<reg name="fs8" bitsize="32" regnum="57" save-restore="yes" type="ieee_single" group="float"/>
<reg name="fs9" bitsize="32" regnum="58" save-restore="yes" type="ieee_single" group="float"/>
<reg name="fs10" bitsize="32" regnum="59" save-restore="yes" type="ieee_single" group="float"/>
<reg name="fs11" bitsize="32" regnum="60" save-restore="yes" type="ieee_single" group="float"/>
<reg name="ft8" bitsize="32" regnum="61" save-restore="yes" type="ieee_single" group="float"/>
<reg name="ft9" bitsize="32" regnum="62" save-restore="yes" type="ieee_single" group="float"/>
<reg name="ft10" bitsize="32" regnum="63" save-restore="yes" type="ieee_single" group="float"/>
<reg name="ft11" bitsize="32" regnum="64" save-restore="yes" type="ieee_single" group="float"/>
<reg name="fflags" bitsize="32" regnum="66" save-restore="yes" type="int" group="float"/>
<reg name="frm" bitsize="32" regnum="67" save-restore="yes" type="int" group="float"/>
<reg name="fcsr" bitsize="32" regnum="68" save-restore="yes" type="int" group="float"/>
</feature>
<feature name="org.gnu.gdb.riscv.csr">
<reg name="mstatus" bitsize="32" regnum="833" save-restore="yes" type="int" group="csr"/>
<reg name="misa" bitsize="32" regnum="834" save-restore="yes" type="int" group="csr"/>
<reg name="mie" bitsize="32" regnum="837" save-restore="yes" type="int" group="csr"/>
<reg name="mtvec" bitsize="32" regnum="838" save-restore="yes" type="int" group="csr"/>
<reg name="mcountinhibit" bitsize="32" regnum="865" save-restore="yes" type="int" group="csr"/>
<reg name="mhpmevent3" bitsize="32" regnum="868" save-restore="yes" type="int" group="csr"/>
<reg name="mhpmevent4" bitsize="32" regnum="869" save-restore="yes" type="int" group="csr"/>
<reg name="mhpmevent5" bitsize="32" regnum="870" save-restore="yes" type="int" group="csr"/>
<reg name="mhpmevent6" bitsize="32" regnum="871" save-restore="yes" type="int" group="csr"/>
<reg name="mscratch" bitsize="32" regnum="897" save-restore="yes" type="int" group="csr"/>
<reg name="mepc" bitsize="32" regnum="898" save-restore="yes" type="int" group="csr"/>
<reg name="mcause" bitsize="32" regnum="899" save-restore="yes" type="int" group="csr"/>
<reg name="mtval" bitsize="32" regnum="900" save-restore="yes" type="int" group="csr"/>
<reg name="mip" bitsize="32" regnum="901" save-restore="yes" type="int" group="csr"/>
<reg name="pmpcfg0" bitsize="32" regnum="993" save-restore="yes" type="int" group="csr"/>
<reg name="pmpcfg1" bitsize="32" regnum="994" save-restore="yes" type="int" group="csr"/>
<reg name="pmpcfg2" bitsize="32" regnum="995" save-restore="yes" type="int" group="csr"/>
<reg name="pmpcfg3" bitsize="32" regnum="996" save-restore="yes" type="int" group="csr"/>
<reg name="pmpaddr0" bitsize="32" regnum="1009" save-restore="yes" type="int" group="csr"/>
<reg name="pmpaddr1" bitsize="32" regnum="1010" save-restore="yes" type="int" group="csr"/>
<reg name="pmpaddr2" bitsize="32" regnum="1011" save-restore="yes" type="int" group="csr"/>
<reg name="pmpaddr3" bitsize="32" regnum="1012" save-restore="yes" type="int" group="csr"/>
<reg name="pmpaddr4" bitsize="32" regnum="1013" save-restore="yes" type="int" group="csr"/>
<reg name="pmpaddr5" bitsize="32" regnum="1014" save-restore="yes" type="int" group="csr"/>
<reg name="pmpaddr6" bitsize="32" regnum="1015" save-restore="yes" type="int" group="csr"/>
<reg name="pmpaddr7" bitsize="32" regnum="1016" save-restore="yes" type="int" group="csr"/>
<reg name="pmpaddr8" bitsize="32" regnum="1017" save-restore="yes" type="int" group="csr"/>
<reg name="pmpaddr9" bitsize="32" regnum="1018" save-restore="yes" type="int" group="csr"/>
<reg name="pmpaddr10" bitsize="32" regnum="1019" save-restore="yes" type="int" group="csr"/>
<reg name="pmpaddr11" bitsize="32" regnum="1020" save-restore="yes" type="int" group="csr"/>
<reg name="pmpaddr12" bitsize="32" regnum="1021" save-restore="yes" type="int" group="csr"/>
<reg name="pmpaddr13" bitsize="32" regnum="1022" save-restore="yes" type="int" group="csr"/>
<reg name="pmpaddr14" bitsize="32" regnum="1023" save-restore="yes" type="int" group="csr"/>
<reg name="pmpaddr15" bitsize="32" regnum="1024" save-restore="yes" type="int" group="csr"/>
<reg name="tselect" bitsize="32" regnum="2017" save-restore="yes" type="int" group="csr"/>
<reg name="tdata1" bitsize="32" regnum="2018" save-restore="yes" type="int" group="csr"/>
<reg name="tdata2" bitsize="32" regnum="2019" save-restore="yes" type="int" group="csr"/>
<reg name="tdata3" bitsize="32" regnum="2020" save-restore="yes" type="int" group="csr"/>
<reg name="dcsr" bitsize="32" regnum="2033" save-restore="yes" type="int" group="csr"/>
<reg name="dpc" bitsize="32" regnum="2034" save-restore="yes" type="int" group="csr"/>
<reg name="dscratch0" bitsize="32" regnum="2035" save-restore="yes" type="int" group="csr"/>
<reg name="dscratch1" bitsize="32" regnum="2036" save-restore="yes" type="int" group="csr"/>
<reg name="milmb" bitsize="32" regnum="2049" save-restore="yes" type="int" group="csr"/>
<reg name="mdlmb" bitsize="32" regnum="2050" save-restore="yes" type="int" group="csr"/>
<reg name="mnvec" bitsize="32" regnum="2052" save-restore="yes" type="int" group="csr"/>
<reg name="mxstatus" bitsize="32" regnum="2053" save-restore="yes" type="int" group="csr"/>
<reg name="mpft_ctl" bitsize="32" regnum="2054" save-restore="yes" type="int" group="csr"/>
<reg name="mhsp_ctl" bitsize="32" regnum="2055" save-restore="yes" type="int" group="csr"/>
<reg name="msp_bound" bitsize="32" regnum="2056" save-restore="yes" type="int" group="csr"/>
<reg name="msp_base" bitsize="32" regnum="2057" save-restore="yes" type="int" group="csr"/>
<reg name="mdcause" bitsize="32" regnum="2058" save-restore="yes" type="int" group="csr"/>
<reg name="mcache_ctl" bitsize="32" regnum="2059" save-restore="yes" type="int" group="csr"/>
<reg name="mcctlbeginaddr" bitsize="32" regnum="2060" save-restore="yes" type="int" group="csr"/>
<reg name="mcctlcommand" bitsize="32" regnum="2061" save-restore="yes" type="int" group="csr"/>
<reg name="mcctldata" bitsize="32" regnum="2062" save-restore="yes" type="int" group="csr"/>
<reg name="mcounterinten" bitsize="32" regnum="2064" save-restore="yes" type="int" group="csr"/>
<reg name="mmisc_ctl" bitsize="32" regnum="2065" save-restore="yes" type="int" group="csr"/>
<reg name="mcounterovf" bitsize="32" regnum="2069" save-restore="yes" type="int" group="csr"/>
<reg name="dexc2dbg" bitsize="32" regnum="2081" save-restore="yes" type="int" group="csr"/>
<reg name="ddcause" bitsize="32" regnum="2082" save-restore="yes" type="int" group="csr"/>
<reg name="uitb" bitsize="32" regnum="2113" save-restore="yes" type="int" group="csr"/>
<reg name="ucode" bitsize="32" regnum="2114" save-restore="yes" type="int" group="csr"/>
<reg name="mcycle" bitsize="32" regnum="2881" save-restore="yes" type="int" group="csr"/>
<reg name="minstret" bitsize="32" regnum="2883" save-restore="yes" type="int" group="csr"/>
<reg name="mhpmcounter3" bitsize="32" regnum="2884" save-restore="yes" type="int" group="csr"/>
<reg name="mhpmcounter4" bitsize="32" regnum="2885" save-restore="yes" type="int" group="csr"/>
<reg name="mhpmcounter5" bitsize="32" regnum="2886" save-restore="yes" type="int" group="csr"/>
<reg name="mhpmcounter6" bitsize="32" regnum="2887" save-restore="yes" type="int" group="csr"/>
<reg name="mcycleh" bitsize="32" regnum="3009" save-restore="yes" type="int" group="csr"/>
<reg name="minstreth" bitsize="32" regnum="3011" save-restore="yes" type="int" group="csr"/>
<reg name="mhpmcounter3h" bitsize="32" regnum="3012" save-restore="yes" type="int" group="csr"/>
<reg name="mhpmcounter4h" bitsize="32" regnum="3013" save-restore="yes" type="int" group="csr"/>
<reg name="mhpmcounter5h" bitsize="32" regnum="3014" save-restore="yes" type="int" group="csr"/>
<reg name="mhpmcounter6h" bitsize="32" regnum="3015" save-restore="yes" type="int" group="csr"/>
<reg name="mvendorid" bitsize="32" regnum="3922" save-restore="yes" type="int" group="csr"/>
<reg name="marchid" bitsize="32" regnum="3923" save-restore="yes" type="int" group="csr"/>
<reg name="mimpid" bitsize="32" regnum="3924" save-restore="yes" type="int" group="csr"/>
<reg name="mhartid" bitsize="32" regnum="3925" save-restore="yes" type="int" group="csr"/>
<reg name="micm_cfg" bitsize="32" regnum="4097" save-restore="yes" type="int" group="csr"/>
<reg name="mdcm_cfg" bitsize="32" regnum="4098" save-restore="yes" type="int" group="csr"/>
<reg name="mmsc_cfg" bitsize="32" regnum="4099" save-restore="yes" type="int" group="csr"/>
</feature>
<feature name="org.gnu.gdb.riscv.virtual">
<reg name="priv" bitsize="8" regnum="4161" save-restore="yes" type="int" group="general"/>
</feature>
</target>
