<?xml version="1.1" encoding="UTF-8" ?>
<Server>
<DI1 Name="1#" Isdir="0" IsValid="1"/>
<DI2 Name="2#" Isdir="0" IsValid="1"/>
<DI3 Name="3#" Isdir="0" IsValid="1"/>
<DI4 Name="4#" Isdir="0" IsValid="1"/>
<DI5 Name="5#" Isdir="0" IsValid="1"/>
<DI6 Name="6#" Isdir="0" IsValid="1"/>
<DI7 Name="7#" Isdir="0" IsValid="1"/>
<DI8 Name="8#" Isdir="0" IsValid="1"/>
<DI9 Name="9#" Isdir="0" IsValid="1"/>
<DI10 Name="10#" Isdir="0" IsValid="1"/>
<DI11 Name="11#" Isdir="0" IsValid="1"/>
<DI12 Name="12#" Isdir="0" IsValid="1"/>
<DI13 Name="13#" Isdir="0" IsValid="1"/>
<DI14 Name="14#" Isdir="0" IsValid="1"/>
<DI15 Name="15#" Isdir="0" IsValid="1"/>
<DI16 Name="16#" Isdir="0" IsValid="1"/>
<DI17 Name="17#" Isdir="0" IsValid="1"/>
<DI18 Name="18#" Isdir="0" IsValid="1"/>
<DI19 Name="19#" Isdir="0" IsValid="1"/>
<DI20 Name="20#" Isdir="0" IsValid="1"/>
<DO1 Name="JD1" Isdir="0" IsValid="1"/>
<DO2 Name="JD2" Isdir="0" IsValid="1"/>
<DO3 Name="JD3" Isdir="0" IsValid="1"/>
<DO4 Name="JD4" Isdir="0" IsValid="1"/>
<DO5 Name="JD5" Isdir="0" IsValid="1"/>
<DO6 Name="JD6" Isdir="0" IsValid="1"/>
<DO7 Name="JD7" Isdir="0" IsValid="1"/>
<DO8 Name="JD8" Isdir="0" IsValid="1"/>
<DO9 Name="JD9" Isdir="0" IsValid="1"/>
<DO10 Name="JD10" Isdir="0" IsValid="1"/>
<DO11 Name="JD11" Isdir="0" IsValid="1"/>
<DO12 Name="JD12" Isdir="0" IsValid="1"/>
<DO13 Name="JD13" Isdir="0" IsValid="1"/>
<DO14 Name="JD14" Isdir="0" IsValid="1"/>
<DO15 Name="JD15" Isdir="0" IsValid="1"/>
<DO16 Name="JD16" Isdir="0" IsValid="1"/>
<AI1 Name="AI1" unit="" Scale_a="1.000000" base_b="0.000000" IsValid="1"/>
<AI2 Name="AI2" unit="" Scale_a="1.000000" base_b="0.000000" IsValid="1"/>
<AI3 Name="AI3" unit="" Scale_a="1.000000" base_b="0.000000" IsValid="1"/>
<AI4 Name="AI4" unit="" Scale_a="1.000000" base_b="0.000000" IsValid="1"/>
<AI5 Name="AI5" unit="" Scale_a="1.000000" base_b="0.000000" IsValid="1"/>
<AI6 Name="AI6" unit="" Scale_a="1.000000" base_b="0.000000" IsValid="1"/>
<AI7 Name="AI7" unit="" Scale_a="1.000000" base_b="0.000000" IsValid="1"/>
<AI8 Name="AI8" unit="" Scale_a="1.000000" base_b="0.000000" IsValid="1"/>
<AI9 Name="AI9" unit="" Scale_a="1.000000" base_b="0.000000" IsValid="1"/>
<AI10 Name="AI10" unit="" Scale_a="1.000000" base_b="0.000000" IsValid="1"/>
<AI11 Name="AI11" unit="" Scale_a="1.000000" base_b="0.000000" IsValid="1"/>
<AI12 Name="AI12" unit="" Scale_a="1.000000" base_b="0.000000" IsValid="1"/>
<AI13 Name="AI13" unit="" Scale_a="1.000000" base_b="0.000000" IsValid="1"/>
<AI14 Name="AI14" unit="" Scale_a="1.000000" base_b="0.000000" IsValid="1"/>
<AI15 Name="AI15" unit="" Scale_a="1.000000" base_b="0.000000" IsValid="1"/>
<AI16 Name="AI16" unit="" Scale_a="1.000000" base_b="0.000000" IsValid="1"/>
</Server>
